username,about,followers,following,posts,date_joined
@Tha_cy12,Web developer,631,109,361,01/2024
@xillma,MBS,122,144,252,02/2019
@lclyc27,Programmer,1111,126,482,12/2024
@waleedcs,Full Stack Developer,367,37,196,11/2022
@mohdcto,CTO,2146,197,4392,03/2020
@hetariadev,Computer Science,3041,451,2799,03/2024
@x0D7x,Web Development,2036,103,3511,01/2012
@Adel12342360,Data Analysis & Programming,1343,26,2145,11/2023
@altmemy199,Art,8699,181,10100,04/2019
@AIVibecode,AI & ML,253,0,349,06/2025
@Tanjim38,Design Partner,4812,1320,13300,02/2018
@hello_ani,Design Partner,556,514,1055,11/2024
@Pauline_Cx,SaaS,31100,622,13000,05/2015
@eugene_gusarov,OpenAI API,89,136,257,09/2013
@thatmediababe,Social Media,150,65,1089,04/2025
@elliemdrafts,Writing,507,365,351,09/2015
@MikkyInnovate,Growth Design,1540,1513,1540,03/2024
@InformacionReal7,FÃºtbol,172600,255,376,05/2021
@0armaan025,Flutter Developer,292,593,4041,01/2023
@tabXport,AI in 1 click,306,697,534,05/2025
piyushshuhs,Full-Stack Dev,113,177,1679,11/2023
@NadyaVoynich,Product Management,166,124,708,12/2024
@harper_speaks,AI Voice,92,258,591,02/2025
@Bexzod_x,AI & Web Dev,130,569,220,01/2025
@Bexzod_x,AI & Web Dev,130,0,220,01/2025
@Bexzod_x,AI & Web Dev,130,569,220,01/2025
piyushsahuys,Full Stack Dev,113,177,1679,11/2023
@Ayda__gol,Product Distribution,1740,941,619,11/2023
@zayans28,Marketing,841,425,3417,05/2025
@NawafAcc0,Accounting,402,656,733,01/2025
@its_me_crafter,AI Product Design,677,811,835,08/2024
BreesIsaiah,Marketing,2601,313,6114,05/2025
zayan,Beautiful Thoughts,1477,806,926,04/2014
@AdamAkhlAQ,Design,122,61,78,05/2015
@Hyperbola_27,Web Development,39,55,338,01/2025
@nastiazik,AI Web Development,965,250,66,07/2025
@thecodeguy,Software Engineer,234,234,828,11/2023
zuess05,AI Enthusiast,1143,369,6006,08/2021
@Timocodes,AI Engineering,8059,2498,35500,07/2019
